date,title,link,PDF链接,PDF文本内容,PDF图片
2026-04-13,【4月24日-4月26日】“数智时代大学生领导力的挑战与重塑” 国际学术研讨会暨中欧LEAD学术联盟会议2号通...,https://www.cug.edu.cn/info/11050/117753.htm,,,
2026-03-30,【3月26日】丝路博士讲坛：答辩、学位申请及未来发展,https://www.cug.edu.cn/info/11050/117493.htm,,,
2026-03-21,【3月27日-29日】2026 年第九届图像与图形处理国际会议,https://www.cug.edu.cn/info/11050/117293.htm,,,
2026-03-17,【5月9日–10日】中国深部地热论坛2026暨中国自然资源学会地热资源与地质储能专委会成立大会 （一号通知...,https://www.cug.edu.cn/info/11050/117163.htm,,,
2026-03-12,【3月13日】2026年第3期名家论坛：英国杜伦大学郑冰寒教授学术报告,https://www.cug.edu.cn/info/11050/117043.htm,,,
2026-03-10,【3月12日】全球胜任力论坛：从学子到全球事务参与者:国际职业生涯中不可缺少的软技能,https://www.cug.edu.cn/info/11050/116903.htm,,,
2026-02-24,【4月24日-4月26日】“数智时代大学生领导力的挑战与重塑”国际学术研讨会暨中欧LEAD学术联盟会议通知（...,https://www.cug.edu.cn/info/11050/116653.htm,,,
2025-12-24,【12月26日】新时代高校学生国际就业力培养计划：商务部国际经贸司原一级巡视员：陈宁专题讲座,https://www.cug.edu.cn/info/11050/115623.htm,,,
2025-12-15,12月8日“南望今声”外语论坛系列讲座（80）：南京大学陈新仁教授学术报告,https://www.cug.edu.cn/info/11050/115443.htm,,,
2025-12-12,【2025年12月13-12月15日】计算机学院专业建设40周年暨空间地球大数据前沿进展论坛,https://www.cug.edu.cn/info/11050/115383.htm,,,
2025-12-09,“南望今声”外语论坛系列讲座（81）：武汉科技大学李金云教授讲座,https://www.cug.edu.cn/info/11050/115263.htm,,,
2025-12-08,【2025年12月5-12月7日】计算机学院专业建设40周年暨智能化软件与空间信息应用前沿进展论坛,https://www.cug.edu.cn/info/11050/115223.htm,,,
2025-12-03,【12月4日】艺媒学术论坛：长江日报社高级编辑毕竟学术报告,https://www.cug.edu.cn/info/11050/115033.htm,,,
2025-12-03,【12月4日】+丝路博士讲坛：Knowledge-Graph-Based Framework for Handling the Editorial Process,https://www.cug.edu.cn/info/11050/115023.htm,,,
2025-11-25,【11月28日】全球胜任力论坛：拆解全球贸易：WTO规则如何影响你买的每一件进口好物?,https://www.cug.edu.cn/info/11050/114773.htm,,,
2025-11-24,【11月25日】全球胜任力论坛：联合国大学的全球谈判专家课：如何成为下一个共识构建者?,https://www.cug.edu.cn/info/11050/114763.htm,,,
2025-11-13,【11月15日】计算机学院20周年暨CCF-CV进地大,https://www.cug.edu.cn/info/11050/114513.htm,,,
2025-11-11,【11月13日】丝路博士讲坛（总第77期）：The Art of High-Impact Scientific Publishing,https://www.cug.edu.cn/info/11050/114463.htm,,,
2025-11-10,【11月7日-9日】第二届全国乡村高层论坛,https://www.cug.edu.cn/info/11050/114413.htm,,,
2025-11-10,【11月12日】艺媒学术论坛：武汉大学城市设计学院黄敏副教授学术报告,https://www.cug.edu.cn/info/11050/114403.htm,,,
2025-11-04,“南望今声”外语论坛系列讲座（77）：中南财经政法大学王革教授讲座,https://www.cug.edu.cn/info/11050/114303.htm,,,
2025-10-17,【11月8-9日】第 33 届武汉国际珠宝学术年会会议通知（2 号通知）,https://www.cug.edu.cn/info/11050/113853.htm,,,
2025-10-16,【10月19日】长江文化高端论坛,https://www.cug.edu.cn/info/11050/113843.htm,,,
2025-10-16,【11月8-9日】第33届武汉国际珠宝学术年会-艺数设想·智绘未来,https://www.cug.edu.cn/info/11050/113833.htm,,,
2025-10-13,智能时代外语学科创新发展和跨学科融合学术研讨会 （1号通知）,https://www.cug.edu.cn/info/11050/113743.htm,,,
2025-10-11,第四届盐湖战略资源钾锂成矿规律、资源勘查与开发技术研讨会,https://www.cug.edu.cn/info/11050/113713.htm,,,
2025-10-11,【10月16日】 The Fundamentals of Academic Research: From Concept to Publication,https://www.cug.edu.cn/info/11050/113703.htm,,,
2025-10-09,【10月14-16日】第二届地震沉积学学术研讨会（三号会议通知）,https://www.cug.edu.cn/info/11050/113653.htm,,,
2025-09-22,【11月21-23日】2025年《国家科学评论》地球科学前沿论坛（第二轮通知）,https://www.cug.edu.cn/info/11050/113373.htm,,,
2025-09-04,【9月15日】全球胜任力论坛：联合国80年：如何重塑全球治理,https://www.cug.edu.cn/info/11050/113013.htm,,,
2025-08-26,【10月14日-16日】第二届地震沉积学学术研讨会（二号会议通知）,https://www.cug.edu.cn/info/11050/112743.htm,,,
2025-07-07,【4月25-30日】珠宝类国家标准宣贯会暨印石专题展会议通知,https://www.cug.edu.cn/info/11050/112013.htm,,,
2025-07-07,【2025年10月16-18日】第二届地震沉积学学术研讨会（一号会议通知）,https://www.cug.edu.cn/info/11050/112003.htm,,,
2025-07-07,【4月10日】全球胜任力论坛：东西方跨文化交流与沟通的技巧和策略,https://www.cug.edu.cn/info/11050/111983.htm,,,
2025-07-07,【5月29日-30日】第三届国际中巴经济走廊会议通知,https://www.cug.edu.cn/info/11050/111973.htm,,,
2025-07-07,【6月28日】首届蓝星奖颁奖典礼暨自然与文化遗产设计论坛会议通知,https://www.cug.edu.cn/info/11050/111963.htm,,,
2025-06-30,【6月30日】丝路博士讲坛（总第73期）：Adapting to Academic Life in China,https://www.cug.edu.cn/info/11050/111793.htm,,,
2025-06-23,【6月19日】艺媒学术论坛：华中师范大学新闻传播学院副教授刘震学术报告,https://www.cug.edu.cn/info/11050/111653.htm,,,
2025-06-15,【6月17日】丝路讲坛（总第17期）,https://www.cug.edu.cn/info/11050/111553.htm,,,
2025-06-04,【6月5日】Orientation Session for Newly English-Taught Courses,https://www.cug.edu.cn/info/11050/111323.htm,,,
2025-05-29,【5月29日】全球胜任力论坛：联合国需要什么样的中国青年,https://www.cug.edu.cn/info/11050/111243.htm,,,
2025-05-28,“南望今声”外语论坛系列讲座（76）：广东外语外贸大学秦丽莉教授讲座,https://www.cug.edu.cn/info/11050/111213.htm,,,
2025-05-28,【5月29日】第三届国际中巴经济走廊会议通知（第二次通知）,https://www.cug.edu.cn/info/11050/111233.htm,,,
2025-05-25,【5月28日】丝路讲坛（总第16期）：How to Make Your Scientific Paper More Publishable,https://www.cug.edu.cn/info/11050/111143.htm,,,
2025-05-22,【5月25日】名家论坛：中国科学院地球化学研究所冯新斌研究员学术报告,https://www.cug.edu.cn/info/11050/111063.htm,,,
2025-05-16,【5月20日】艺媒名家讲坛：中国工程院外籍院士康健学术报告,https://www.cug.edu.cn/info/11050/110933.htm,,,
2025-05-07,【5月29日】第三届国际中巴经济走廊会议通知（第一次通知）,https://www.cug.edu.cn/info/11050/110773.htm,,,
2025-04-30,【5月8日】全球胜任力论坛：从“一带一路”到全球三大倡议,https://www.cug.edu.cn/info/11050/110603.htm,,,
2025-04-30,【5月6日】全球胜任力论坛：从UNESCO 胜任力框架谈教科文职员的能力要求,https://www.cug.edu.cn/info/11050/110613.htm,,,
2025-04-27,【4月29日】丝路博士讲坛（总第72期）：学术道德与规范,https://www.cug.edu.cn/info/11050/110553.htm,,,
2025-04-22,“南望今声”外语论坛系列讲座（75）：图尔库大学荣休教授Yves Gambier讲座,https://www.cug.edu.cn/info/11050/110413.htm,,,
2025-04-19,【10月24日-27日】2025第九届全国成像光谱对地观测学术研讨会（一号通知）,https://www.cug.edu.cn/info/11050/110343.htm,,,
2025-04-11,【4月8日】科普大讲堂：武汉湖泊的形成、演化与保护,https://www.cug.edu.cn/info/11050/110223.htm,,,
2025-04-10,【4月11日】艺媒学术论坛：华东师范大学美术学院朱浒教授学术报告,https://www.cug.edu.cn/info/11050/110143.htm,,,
2025-04-08,【3月12日】全球胜任力论坛：全球卫生治理体系变革:困境与路径,https://www.cug.edu.cn/info/11050/110103.htm,,,
2025-03-28,【4月1日】名家论坛：崂山实验室蔡文炬院士学术报告,https://www.cug.edu.cn/info/11050/109863.htm,,,
2025-03-25,【3月27日】全球胜任力论坛：Statistics in the Social Sciences,https://www.cug.edu.cn/info/11050/109693.htm,,,
2025-03-18,【3月20日】丝路博士讲坛（圆桌讲坛）（总第71期）,https://www.cug.edu.cn/info/11050/109583.htm,,,
2025-03-12,【3月16日】科普大讲堂：《哪吒2》背后的火山密码——解读灾难中的新希望,https://www.cug.edu.cn/info/11050/109393.htm,,,
2025-03-11,【3月12日】全球胜任力论坛：全球卫生治理体系变革:困境与路径,https://www.cug.edu.cn/info/11050/109383.htm,,,
2025-03-03,【3月6日】宜居地球科普大讲堂：孙和平院士的科研生涯感悟分享,https://www.cug.edu.cn/info/11050/109153.htm,,,
2025-01-07,【1月8日】丝路博士论坛（总第70期）：How to Get Publish in High Level Paper – the Technique,https://www.cug.edu.cn/info/11050/105552.htm,,,
2025-01-02,【1月3日】“问道天地”文博论坛：高校知识产权信息服务赋能新质生产力,https://www.cug.edu.cn/info/11050/105551.htm,,,
2024-12-24,【12月24日】珠宝学术论坛：考古铸史--曾世家,https://www.cug.edu.cn/info/11050/105550.htm,,,
2024-12-13,【12月15日】珠宝学术论坛：数实融合——湖北省博物馆文创发展的转型实践,https://www.cug.edu.cn/info/11050/105546.htm,,,
2024-12-12,【12月26日】名家论坛：Hydrodynamic limits of some non-relativistic kinetic equations,https://www.cug.edu.cn/info/11050/105537.htm,,,
2024-12-12,【12月26日】名家论坛：An Approach to study compressible flow with strong boundary layer,https://www.cug.edu.cn/info/11050/105538.htm,,,
2024-12-11,【12月12日】珠宝学院学术论坛：科学切磨与国际宝石切磨赛事解析,https://www.cug.edu.cn/info/11050/105527.htm,,,
2024-12-06,【12月6日-8日】中国古生物学会新技术新方法专业委员会（筹） 第一届会员代表大会暨第一届一次学术年会...,https://www.cug.edu.cn/info/11050/105491.htm,https://ehall.cug.edu.cn/tp_fp/uploadfiles/serviceUpload/26b1a946-e24c-452d-aabf-39ffd28f8971/2024/12/6/5b961f46bc7c43dfb2a305f89982.pdf,,
2024-12-05,【12月6日】丝路博士论坛（总第69期）：Machine Learning Applications in Oil and Gas Engineering,https://www.cug.edu.cn/info/11050/105483.htm,,,
2024-12-04,【12月19日】“南望今声”外语论坛系列讲座（73）：AI时代的外语教学研究案例分析,https://www.cug.edu.cn/info/11050/105478.htm,,,
2024-12-04,【12月6-8日】第二届“煤地质学学科与煤系矿产资源研究前沿”学术论坛（3号通知）,https://www.cug.edu.cn/info/11050/105475.htm,https://ehall.cug.edu.cn/tp_fp/uploadfiles/serviceUpload/26b1a946-e24c-452d-aabf-39ffd28f8971/2024/12/4/287aca6ed59c4fcaa34bba92ea1e.pdf,,
2024-12-02,【12月5日】“南望今声”外语论坛系列讲座（72）：申报国家社科基金中华学术外译项目：认知、体悟与方法,https://www.cug.edu.cn/info/11050/105463.htm,,,
2024-12-02,【12月4日】名家论坛：地球科学与人类文明,https://www.cug.edu.cn/info/11050/105462.htm,,,
2024-11-28,【11月30日】全球胜任力论坛：美国大选后的中美关系与世界格局,https://www.cug.edu.cn/info/11050/107062.htm,,,
2024-11-25,【12月3日】珠宝学术论坛：设计形态学：设计学建构之新范式 邱松教授学术报告,https://www.cug.edu.cn/info/11050/105436.htm,,,
2024-11-20,【11月27日】艺媒名家讲坛：湖北省曲艺家协会主席陆鸣艺术家学术报告,https://www.cug.edu.cn/info/11050/105411.htm,,,
2024-11-20,【11月28日】艺媒名家讲坛：中国著名词曲作家解承强学术报告,https://www.cug.edu.cn/info/11050/105413.htm,,,
2024-11-20,【11月24日】数理论坛：大学数学课程教材建设和教学方法改革,https://www.cug.edu.cn/info/11050/105412.htm,,,
2024-11-19,【11月26日】“南望今声”外语论坛系列讲座（71）：岛脊曲线理论: 外语教学与研究的新理路,https://www.cug.edu.cn/info/11050/107052.htm,,,
2024-11-13,【11月14日】全球胜任力论坛：Be Ready for an International Career Development,https://www.cug.edu.cn/info/11050/105385.htm,,,
2024-11-13,【12月6日-8日】第二届“煤地质学学科与煤系矿产资源研究前沿”学术论坛（2号通知）,https://www.cug.edu.cn/info/11050/105384.htm,https://ehall.cug.edu.cn/tp_fp/uploadfiles/serviceUpload/26b1a946-e24c-452d-aabf-39ffd28f8971/2024/11/13/b9984fa981b244a5b0b9ec95cd54.pdf,,
2024-11-13,【11月18日】“南望今声”外语论坛系列讲座（70）：区域国别研究国家社科基金项目 的撰写与申报,https://www.cug.edu.cn/info/11050/105380.htm,,,
2024-11-11,【11月11日】艺媒学术论坛：武汉琴台太和琴社社长陈宜外专家学术报告,https://www.cug.edu.cn/info/11050/105368.htm,,,
2024-11-11,【11月12日】艺媒学术论坛：中国地质大学（武汉）珠宝学院国际课程负责人张明泽讲座,https://www.cug.edu.cn/info/11050/107072.htm,,,
2024-11-08,《丝路博士讲坛》总第68期,https://www.cug.edu.cn/info/11050/105351.htm,,,
2024-11-03,【11月4日】珠宝学术讲座：通过叙事展示贡献 —— 如何降低论文被直接拒稿的可能性,https://www.cug.edu.cn/info/11050/105315.htm,,,
2024-11-01,【11月7日】湖北省地球科学基础学科研究中心启动大会 暨“流域地球系统科学与长江发展”高端论坛 （二号...,https://www.cug.edu.cn/info/11050/105304.htm,https://ehall.cug.edu.cn/tp_fp/uploadfiles/serviceUpload/26b1a946-e24c-452d-aabf-39ffd28f8971/2024/11/1/e95c4704088446be8c91f07ba58b.pdf,,
2024-10-28,【10月29日】地空论坛：壳幔结构差异特征揭示藏北高原差异隆升机制,https://www.cug.edu.cn/info/11050/105272.htm,,,
2024-10-28,【10月29日】地空论坛：The boundary between the Indian and Asian tectonic plates,https://www.cug.edu.cn/info/11050/105271.htm,,,
2024-10-25,【10月29日】“南望今声”外语论坛系列讲座（69）：区域国别视域下外语学科的科研规划和学科拓展,https://www.cug.edu.cn/info/11050/105251.htm,,,
2024-10-22,【11月8-10日】第二十一届中国水论坛,https://www.cug.edu.cn/info/11050/105223.htm,https://ehall.cug.edu.cn/tp_fp/uploadfiles/serviceUpload/26b1a946-e24c-452d-aabf-39ffd28f8971/2024/10/17/b3bdf3d1d6ca4829b1657850de2c.pdf,,
2024-10-22,【10月27日】第三十二届武汉国际珠宝学术年会会议通知,https://www.cug.edu.cn/info/11050/105222.htm,https://ehall.cug.edu.cn/tp_fp/uploadfiles/serviceUpload/26b1a946-e24c-452d-aabf-39ffd28f8971/2024/10/12/b925e9ed05ca4421bc1825a628c5.pdf,,
2024-10-17,【10月18-21日】第二十五次全国环境微生物学学术研讨会,https://www.cug.edu.cn/info/11050/105171.htm,https://ehall.cug.edu.cn/tp_fp/uploadfiles/serviceUpload/26b1a946-e24c-452d-aabf-39ffd28f8971/2024/10/17/6021ccf5e2b14cfb9a8009585a9a.pdf,,
2024-10-15,【10月17日】全球胜任力论坛：厚植家国情怀 筑梦国际组织  --上合组织秘书处实习经验分享及申请流程,https://www.cug.edu.cn/info/11050/105141.htm,,,
2024-10-12,【10月18日】“南望今声”外语论坛系列讲座（67）：与ChatGPT一起读/译《静夜思》,https://www.cug.edu.cn/info/11050/105112.htm,,,
2024-10-12,【10月24日】“南望今声”外语论坛系列讲座（68）：以帮助海外受众理解为目标 ——谈谈中国话语的对外翻...,https://www.cug.edu.cn/info/11050/105113.htm,,,
2024-10-10,【10月18-19日】第十九届中西部地区翻译理论与教学研讨会暨翻译研究国际论坛（3号通知）,https://www.cug.edu.cn/info/11050/105093.htm,https://ehall.cug.edu.cn/tp_fp/uploadfiles/serviceUpload/26b1a946-e24c-452d-aabf-39ffd28f8971/2024/10/9/44df7071c8794ee1ac123ef1d0cc.pdf,,
2024-10-09,【9月25日】丝路博士论坛（第67期）：From Scratch to Academic Excellence,https://www.cug.edu.cn/info/11050/105081.htm,,,
2024-09-25,【9月25日】地空论坛：双差衰减层析成像算法及其在地热和俯冲带区域的应用,https://www.cug.edu.cn/info/11050/105012.htm,,,
2024-09-24,【11月7日】湖北省地球科学基础学科研究中心启动大会暨“流域地球系统科学与长江发展”高端论坛（一号通...,https://www.cug.edu.cn/info/11050/105006.htm,https://ehall.cug.edu.cn/tp_fp/uploadfiles/serviceUpload/26b1a946-e24c-452d-aabf-39ffd28f8971/2024/9/24/6f16ec5cb3c54a1d9e1f41fae2f8.pdf,,
2024-09-23,【10月10-11日】2024中国智能地质装备技术发展论坛（二号通知）,https://www.cug.edu.cn/info/11050/104994.htm,,,
2024-09-20,【10月18-19日】第十九届中西部地区翻译理论与教学研讨会暨翻译研究国际论坛（2号通知）,https://www.cug.edu.cn/info/11050/104981.htm,https://ehall.cug.edu.cn/tp_fp/uploadfiles/serviceUpload/26b1a946-e24c-452d-aabf-39ffd28f8971/2024/9/18/4b9df98250464b049636ab6569e1.pdf,,
2024-09-14,【10月28日-11月2日】2024年亚洲通量网（AsiaFlux）年度会议通知（第三轮通知）,https://www.cug.edu.cn/info/11050/104974.htm,https://ehall.cug.edu.cn/tp_fp/uploadfiles/serviceUpload/26b1a946-e24c-452d-aabf-39ffd28f8971/2024/9/11/33cf4bc9cb1142369161840ac63b.pdf,,
2024-09-10,【9月7日】全球胜任力论坛：全球治理中的国际组织与当代青年的国际胜任力,https://www.cug.edu.cn/info/11050/104952.htm,,,
2024-09-03,【2024年10月10日至11日】2024 中国智能地质装备技术发展论坛（一号通知）,https://www.cug.edu.cn/info/11050/104894.htm,https://ehall.cug.edu.cn/tp_fp/uploadfiles/serviceUpload/26b1a946-e24c-452d-aabf-39ffd28f8971/2024/9/3/f3de4c1e9b4b48f2b7ba2046daee.pdf,,
2024-08-26,【8月26日】 空间更新与韧性治理：城市更新理论及方法,https://www.cug.edu.cn/info/11050/104852.htm,https://ehall.cug.edu.cn/tp_fp/uploadfiles/serviceUpload/26b1a946-e24c-452d-aabf-39ffd28f8971/2024/8/26/31ed53094674469098c37e60cce6.pdf,,
2024-07-19,【7月22日】信息前沿未来论坛：中国科学院计算技术研究所张杰副研究员学术报告,https://www.cug.edu.cn/info/11050/104727.htm,,,
2024-06-27,【6月27日】艺媒学术论坛：浙江理工大学服装学院院长崔荣荣教授学术报告,https://www.cug.edu.cn/info/11050/104647.htm,,,
2024-06-25,【10月18-19日】第十九届中西部地区翻译理论与教学研讨会暨翻译研究国际论坛（1号通知）,https://www.cug.edu.cn/info/11050/104642.htm,https://ehall.cug.edu.cn/tp_fp/uploadfiles/serviceUpload/26b1a946-e24c-452d-aabf-39ffd28f8971/2024/6/24/e2598eaed55c4122aac7757a5254.pdf,,
2024-06-13,【6月20日】“南望今声”外语论坛系列讲座（六十六）：翻译史书写研究,https://www.cug.edu.cn/info/11050/104599.htm,,,
2024-06-13,【6月14日】地空论坛：高山峡谷区滑坡灾害InSAR 早期识别与监测预警,https://www.cug.edu.cn/info/11050/104598.htm,,,
2024-06-06,【6月6日】体育学术论坛：《武汉体育学院学报》资深编审付志华学术报告会,https://www.cug.edu.cn/info/11050/104573.htm,,,
2024-06-04,【6月4日】珠宝学术讲座：设计的本质--约束下的潜能延伸  中央美术学院郝凝辉报告,https://www.cug.edu.cn/info/11050/104558.htm,,,
2024-06-03,【6月3日】地空论坛：The Crust of Mars as seen by InSight,https://www.cug.edu.cn/info/11050/104555.htm,,,
2024-05-29,【5月29日】地空论坛：震源快速反演：从小时级到分钟级,https://www.cug.edu.cn/info/11050/104531.htm,,,
2024-05-29,【5月29日】地空论坛：空间大地测量下断层破碎带的研究与意义,https://www.cug.edu.cn/info/11050/104530.htm,,,
2024-05-22,【5月23日】丝路博士论坛（2024-5）：Developing a Rigorous and Impactful Research Approach: A Path ...,https://www.cug.edu.cn/info/11050/104509.htm,,,
2024-05-22,【5月29日】名家论坛：地质微生物学：现代与古环境中微生物-矿物相互作用,https://www.cug.edu.cn/info/11050/104508.htm,,,
2024-05-21,【10月18-21日】第二十五次全国环境微生物学学术研讨会（第一轮通知）,https://www.cug.edu.cn/info/11050/104505.htm,https://ehall.cug.edu.cn/tp_fp/uploadfiles/serviceUpload/26b1a946-e24c-452d-aabf-39ffd28f8971/2024/5/21/24af727873174c5788eae4f32d6b.pdf,,
2024-05-15,【5月31日】“南望今声”外语论坛系列讲座（六十四）：利用语料库提高学术写作中词法使用的恰当性和准确...,https://www.cug.edu.cn/info/11050/104483.htm,,,
2024-05-15,【5月31日】“南望今声”外语论坛系列讲座（六十五）：隐喻——科学交流的起点: 关于跨学科词汇隐喻运用...,https://www.cug.edu.cn/info/11050/104481.htm,,,
2024-05-13,【5月15日】艺媒学术论坛：AI人工智能时代如何用善意创作设计项目,https://www.cug.edu.cn/info/11050/104460.htm,,,
2024-05-11,【5月11日】地空论坛：探地雷达数值模拟与地球物理反演成像新方法探索,https://www.cug.edu.cn/info/11050/104457.htm,,,
2024-05-10,【5月14日】“南望今声”外语论坛系列讲座（63）：“心有猛虎， 细嗅蔷薇”—— 科研方法与论文写作的内...,https://www.cug.edu.cn/info/11050/104456.htm,,,
2024-05-09,【5月18日】计算机学术论坛： 2024 新中地学术论坛会议,https://www.cug.edu.cn/info/11050/104451.htm,https://ehall.cug.edu.cn/tp_fp/uploadfiles/serviceUpload/26b1a946-e24c-452d-aabf-39ffd28f8971/2024/5/9/220b9803f4964a5593f41e711cf2.pdf,,
2024-05-08,【5月14日】珠宝名家论坛：飞扬灵动的汉代玉器及其用玉思想 徐琳学术报告,https://www.cug.edu.cn/info/11050/104445.htm,,,
2024-05-07,【5月10日】名家论坛：考虑不确定性的多孔介质内水流和运移过程的评价,https://www.cug.edu.cn/info/11050/104440.htm,,,
2024-05-07,【5月10日】名家论坛：我国首次火星探测任务的科学进展,https://www.cug.edu.cn/info/11050/104438.htm,,,
2024-04-26,【4月29日】地空论坛：岩石圈软流圈系统及其与深部地幔的相互作用,https://www.cug.edu.cn/info/11050/104395.htm,,,
2024-04-24,【4月25日】全球胜任力论坛：多极世界格局中的中国叙事,https://www.cug.edu.cn/info/11050/104377.htm,,,
2024-04-19,【4月20日】2024年湖北省科技传播学会换届大会 暨“新时代绿色发展与科技传播”学术论坛,https://www.cug.edu.cn/info/11050/104347.htm,,,
2024-04-18,【4月25日】地外天体探测与小行星防御论坛,https://www.cug.edu.cn/info/11050/104341.htm,,,
2024-04-18,【4月19日】宜居地球科普大讲堂：遥感地球，探索奥秘---遥感技术的发展与展望,https://www.cug.edu.cn/info/11050/104340.htm,,,
2024-04-17,【4月23日】校友论坛：工程学院校友讲座,https://mp.weixin.qq.com/s/_GQiNOrQ0kd6_LpHsuOoYw,,,
2024-04-17,【4月25日】南望今声外语论坛系列讲座（62）：区域背景下外语学科的项目申报与论文撰写,https://www.cug.edu.cn/info/11050/104330.htm,,,
2024-04-17,【4月18日】全球胜任力论坛：如何进入联合国儿基会实习和工作,https://www.cug.edu.cn/info/11050/104329.htm,,,
2024-04-15,【4月17日】艺媒学术论坛：华中科技大学教授李晓峰教授学术报告,https://www.cug.edu.cn/info/11050/104312.htm,,,
2024-04-10,20240426“南望今声”外语论坛系列讲座（61）：贝克特的“物性”叙事,https://www.cug.edu.cn/info/11050/104289.htm,,,
2024-04-09,【4月12日】地空论坛：板块的俯冲起始：机制、位置、以及关键控制参数,https://www.cug.edu.cn/info/11050/104283.htm,,,
2024-04-09,【4月12日】地空论坛：俯冲带粘度结构、海沟迁移及其对上覆板块构造的影响,https://www.cug.edu.cn/info/11050/104282.htm,,,
2024-04-09,【4月12日】珠宝学术讲座：品牌嘲讽竞争对手对消费者品牌态度的影响  徐岚学术报告,https://www.cug.edu.cn/info/11050/104281.htm,,,
2024-04-09,【4月9日】丝路博士论坛（2024-3）：Mastering Universal Design Principles for Impactful Presentatio...,https://www.cug.edu.cn/info/11050/104280.htm,,,
2024-04-09,【4月12日】全球胜任力论坛：逐梦太空与伟大航天精神,https://www.cug.edu.cn/info/11050/104279.htm,,,
2024-04-03,【4月7日】名家论坛：对撞生新态,https://www.cug.edu.cn/info/11050/104265.htm,,,
2024-04-03,【2024年4月13-14日】中国地质学会医学地质专业委员会 第二届学术年会（一号通知）,https://www.cug.edu.cn/info/11050/104264.htm,https://ehall.cug.edu.cn/tp_fp/uploadfiles/serviceUpload/26b1a946-e24c-452d-aabf-39ffd28f8971/2024/4/2/7294fcfa44c84eb9a80b3a51d2a0.pdf,,
2024-03-29,【3月21日】丝路博士论坛（2024-2）：Potential & Suitable methods Lead to Scientific Discovery,https://www.cug.edu.cn/info/11050/104243.htm,,,
2024-03-27,【3月28日】全球胜任力论坛：社交力量-从尴尬到自信的演变之路,https://www.cug.edu.cn/info/11050/104231.htm,,,
2024-03-20,【3月21日】丝路博士论坛（2024-2）：Potential & Suitable Methods Lead to Scientific Discovery,https://www.cug.edu.cn/info/11050/104207.htm,,,
2024-03-20,【3月22日】全球胜任力论坛：“提升全球胜任力 培养国际化人才”—高层次国际化人才培养创新实践项目全...,https://www.cug.edu.cn/info/11050/104206.htm,,,
2024-03-14,【3月26日】珠宝学术讲座：设计不在——转型和超越,https://www.cug.edu.cn/info/11050/104184.htm,,,
2024-03-13,【3月14日】玉文化名家讲坛：微痕分析在古代玉器研究中的应用,https://www.cug.edu.cn/info/11050/104182.htm,,,
2024-03-12,【3月7日】艺媒学术论坛：首都师范大学李中杨教授学术报告,https://www.cug.edu.cn/info/11050/104175.htm,,,
2024-03-12,【3月14日】艺媒学术论坛：著名音乐制作人叶云川艺术家学术报告,https://www.cug.edu.cn/info/11050/104174.htm,,,
2024-03-12,【3月14】名家论坛：科学研究的维度：批判性思维的构建与应用,https://www.cug.edu.cn/info/11050/104172.htm,,,
2024-02-27,【2月29】名家论坛：深部资源探测关键技术与装备,https://www.cug.edu.cn/info/11050/104111.htm,,,
2023-12-12,【12月21日】“南望今声”外语论坛系列讲座（59）：眼动追踪与语言研究,https://www.cug.edu.cn/info/11050/103870.htm,,,
2023-12-12,【12月15日】“南望今声”外语论坛系列讲座（60）：外事翻译工作漫谈,https://www.cug.edu.cn/info/11050/103869.htm,,,
2023-11-28,【11月29日】名家论坛：冰火两重天：基于能量守恒原理的冰岛形成机理,https://www.cug.edu.cn/info/11050/103813.htm,,,
2023-11-28,【11月29日】名家论坛：The Geology & Geophysics of Iceland,https://www.cug.edu.cn/info/11050/103812.htm,,,
2023-11-27,【11月29日】艺媒学术论坛：艺媒学术论坛：科学艺术家、PNSO啄木鸟科学艺术小组创始人赵闯学术报告,https://www.cug.edu.cn/info/11050/103790.htm,,,
2023-11-24,【11月30日】全球胜任力论坛：大变局下全球治理面临的挑战与胜任力的培养,https://www.cug.edu.cn/info/11050/103789.htm,,,
2023-11-21,【11月23日】“南望今声”外语论坛系列讲座（56）：从外国文学热点问题研究到项目申请书撰写,https://www.cug.edu.cn/info/11050/103759.htm,,,
2023-11-21,【11月23日】全球胜任力工作坊：国际组织工作心路历程-国际公务员工作及体验探索,https://www.cug.edu.cn/info/11050/103754.htm,,,
2023-11-19,【11月21日】丝路博士论坛（2023-10）：Novelty in Research: A Common Reason for Manuscript Rejectio...,https://www.cug.edu.cn/info/11050/103753.htm,,,
2023-11-19,【11月16日】艺媒讲坛：长江日报著名记者朱建华学术报告,https://www.cug.edu.cn/info/11050/103751.htm,,,
2023-11-13,【11月16日】全球胜任力工作坊：全球化背景下的跨文化交际技巧,https://www.cug.edu.cn/info/11050/103721.htm,,,
2023-11-06,"【11月6日】地空论坛：Multi-scale MT studies in Hangai Dome, central Mongolia",https://www.cug.edu.cn/info/11050/103637.htm,,,
2023-11-03,【11月10-12日】第十八届国际应急管理论坛暨中国优选法统筹法与经济数学研究会应急管理专业委员会第十九...,https://www.cug.edu.cn/info/11050/103620.htm,,,
2023-10-31,【11月3-5日】地学类专业拔尖创新人才培养研讨会暨地学类专业实践教学联盟成立大会通知（第２号）,https://www.cug.edu.cn/info/11050/103594.htm,,,
2023-10-31,【11月2日】全球胜任力论坛：生成式人工智能Chat-GPT对教育的影响,https://www.cug.edu.cn/info/11050/103592.htm,,,
2023-10-30,【10月30日】名家论坛：全球气候危机下的大学应对策略,https://www.cug.edu.cn/info/11050/103575.htm,,,
2023-10-30,【11月3-5日】关于举办应急管理本科专业高校联盟会议暨第三届应急管理本科专业建设研讨会通知（第二轮）,https://www.cug.edu.cn/info/11050/103562.htm,,,
2023-10-26,【11月2日】典耀中华 楚人的心路历程和楚文化的辉煌成就,https://www.cug.edu.cn/info/11050/103538.htm,,,
2023-10-25,【11月1日】艺媒学术论坛：在插画商业应用体系下，AIGC是否重塑创意世界？,https://www.cug.edu.cn/info/11050/103537.htm,,,
2023-10-25,【10月26日】地空论坛：地震成像处理软件的国产替代与工业化应用,https://www.cug.edu.cn/info/11050/103534.htm,,,
2023-10-25,【10月26日】地空论坛：峨眉山大火成岩省岩石圈与地幔柱的相互作用,https://www.cug.edu.cn/info/11050/103533.htm,,,
2023-10-24,【10月26日】外国语学院30周年院庆系列讲座：物品放置---中国古代风水学,https://www.cug.edu.cn/info/11050/103523.htm,,,
2023-10-20,【10月21日】艺媒讲坛：强悍的艺术：汉代画像艺术鉴赏与研究,https://www.cug.edu.cn/info/11050/103514.htm,,,
2023-10-20,【12月16-21日】海峡两岸人工湿地研讨会(第一轮通知),https://www.cug.edu.cn/info/11050/103513.htm,https://ehall.cug.edu.cn/tp_fp/uploadfiles/serviceUpload/26b1a946-e24c-452d-aabf-39ffd28f8971/2023/10/19/efa0cb9d3fb749478e3fbe14616f.pdf,,
2023-10-18,【10月23日】艺媒讲坛：如何设计氛围感,https://www.cug.edu.cn/info/11050/103489.htm,,,
2023-10-18,【10月21-22日】2023国际珠宝学术年会会议通知（1号通知）,https://www.cug.edu.cn/info/11050/103488.htm,https://ehall.cug.edu.cn/tp_fp/uploadfiles/serviceUpload/26b1a946-e24c-452d-aabf-39ffd28f8971/2023/10/7/7a920d0f695c4fd387dbd4230d16.pdf,,
2023-10-18,【10月20日】东湖论坛——新能源与绿色产业,https://www.cug.edu.cn/info/11050/103486.htm,,,
2023-10-18,【10月19日】名家论坛：发展地球探测仪器 支撑新一轮找矿行动,https://www.cug.edu.cn/info/11050/103485.htm,,,
2023-10-17,【10月19日】全球胜任力论坛：国际交往中的法律常识：青年学生必备的国际法技巧,https://www.cug.edu.cn/info/11050/103484.htm,,,
2023-10-17,【10月18-20日】地球系统科学论坛第824期：澳大利亚麦考瑞大学Stephen Foley教授系列学术报告,https://www.cug.edu.cn/info/11050/103481.htm,,,
2023-10-16,【10月19日】社会文化价值观场景下的海报设计,https://www.cug.edu.cn/info/11050/103473.htm,,,
2023-10-13,【10月13日】研究生素质公开课,https://mp.weixin.qq.com/s/44hSfmyIfGKRLIFikgwjCA,,,
2023-10-12,【10月12日】全球胜任力论坛：从工程师到国际职员：职业发展的几点启示,https://www.cug.edu.cn/info/11050/103465.htm,,,
2023-10-08,【10月9日】地空论坛：基于面波观测的阿拉斯加地壳及上地幔地震各向异性研究,https://www.cug.edu.cn/info/11050/103432.htm,,,
2023-10-08,【10月13日】地空论坛：F(R)引力简介：从宇宙中的暗能量和暗物质到粒子物理,https://www.cug.edu.cn/info/11050/103431.htm,,,
2023-10-07,【10月12日】珠宝名家论坛：商代玉器与玉文化 喻燕姣学术报告,https://www.cug.edu.cn/info/11050/103412.htm,,,
2023-10-07,【11月3-5日】地学类专业拔尖创新人才培养研讨会暨地学类专业实践教学联盟成立大会的通知（第一号）,https://www.cug.edu.cn/info/11050/103421.htm,,,
2023-09-27,【9月28日】地空论坛：光纤钻孔地震观测设备的研制和应用,https://www.cug.edu.cn/info/11050/103381.htm,,,
2023-09-19,【9月19日】丝路博士论坛：Essential Elements of High-Level Papers: Novelty and Methods,https://www.cug.edu.cn/info/11050/103302.htm,,,
2023-09-19,【9月19日】丝路博士论坛（2023-6）：Essential Elements of High Level Papers: Novelty and Methods,https://www.cug.edu.cn/info/11050/103301.htm,,,
2023-09-18,【11月10-12日】第十八届国际应急管理论坛暨中国“双法”研究会应急管理专业委员会第十九届年会（第二轮...,https://www.cug.edu.cn/info/11050/103294.htm,,,
2023-09-11,【9月13日】地空论坛：Steady-state surface nuclear magnetic resonance: Fast acquisition protocols ...,https://www.cug.edu.cn/info/11050/103231.htm,,,
2023-09-11,【9月13日】地空论坛：Off-resonance. The double-edge sword of steady-state surface NMR,https://www.cug.edu.cn/info/11050/103232.htm,,,
2023-09-10,【9月22日-24日】“智能·协同·修复”2023年心理创伤与危机干预学术研讨会（第三轮通知）,https://www.cug.edu.cn/info/11050/102921.htm,,,
2023-09-05,【9月8日】地空论坛：新西兰南岛南阿尔卑斯山脉中段垂直形变,https://www.cug.edu.cn/info/11050/103152.htm,,,
2023-09-05,【9月9日】全球胜任力论坛：全球环境治理与所需国际化人才解析,https://www.cug.edu.cn/info/11050/103151.htm,,,
2023-07-16,【8月25日-27日】第四届巴东国际地质灾害学术论坛BIGS2023（三号通知）,https://www.cug.edu.cn/info/11050/102911.htm,https://ehall.cug.edu.cn/tp_fp/uploadfiles/serviceUpload/26b1a946-e24c-452d-aabf-39ffd28f8971/2023/7/12/e3aeff17719f4fc6a1592ea8532e.pdf,,
2023-07-03,第十八届国际应急管理论坛暨中国“双法”研究会应急管理专业委员会第十九届年会,https://www.cug.edu.cn/info/11050/102801.htm,,,
2023-06-28,【6月30日】名家论坛：前震和震群的最新研究进展及其物理机制,https://www.cug.edu.cn/info/11050/102774.htm,,,
2023-06-28,【6月28日】名家论坛：北斗高精度定位导航授时及时空服务发展研究,https://www.cug.edu.cn/info/11050/102775.htm,,,
2023-06-27,【6月27日】名家论坛：地震电磁学：从现象到机理,https://www.cug.edu.cn/info/11050/102769.htm,,,
2023-06-27,【6月29日】地空论坛：Subslab ultra low velocity anomaly uncovered by and facilitating the largest...,https://www.cug.edu.cn/info/11050/102768.htm,,,
2023-06-25,【7月1-2日】2023年中国国土经济学会学术年会,https://www.cug.edu.cn/info/11050/102721.htm,,,
2023-06-21,【6月21日】艺媒学术论坛：云南省民族艺术研究院设计与美术学责编 尹小勇学术报告,https://www.cug.edu.cn/info/11050/102701.htm,,,
2023-06-21,【6月21日】地空论坛：Modelling Earth’s Magnetic Field,https://www.cug.edu.cn/info/11050/102702.htm,,,
2023-06-16,【6月19日】名家论坛：地球物理反演的新视角：从经典理论到机器学习方法的演化,https://www.cug.edu.cn/info/11050/102673.htm,,,
2023-06-14,【6月16日】地空论坛：浅地表地震全波形反演方法,https://www.cug.edu.cn/info/11050/102665.htm,,,
2023-06-12,【6月13日】地空论坛：阿拉斯加半岛俯冲带双差成像——水对板块滑动和地幔楔活动的影响,https://www.cug.edu.cn/info/11050/102632.htm,,,
2023-06-08,【6月13日】地空论坛：基于震间闭锁的未来地震情形动力学模拟,https://www.cug.edu.cn/info/11050/102592.htm,,,
2023-06-08,【6月9日】名家论坛：美国弗吉尼亚理工大学肖书海教授学术报告,https://www.cug.edu.cn/info/11050/102591.htm,,,
2023-05-30,【6月8日】南望今声外语论坛系列讲座（52）：语料库方法在翻译研究中的应用：发展历程与新近趋势,https://www.cug.edu.cn/info/11050/102511.htm,,,
2023-05-29,【5月30日】双一流背景下高校本科人才培养体系的构建-西北大学赖绍聪副校长讲座,https://www.cug.edu.cn/info/11050/102495.htm,,,
2023-05-29,【 5月31日】名家论坛：南京大学杨经绥院士学术报告,https://www.cug.edu.cn/info/11050/102494.htm,,,
2023-05-26,【5月28日】全球胜任力论坛：大气、海洋在环境变化中扮演的角色,https://www.cug.edu.cn/info/11050/102482.htm,,,
2023-05-25,【5月25日】丝路博士论坛（2023-5）：Building Hybrid Machine Learning Models for Multi-Label Image ...,https://www.cug.edu.cn/info/11050/102466.htm,,,
2023-05-22,【4月23日】典耀中华 发现传统文化之美 专题讲座,https://www.cug.edu.cn/info/11050/102413.htm,,,
2023-05-20,【5月24日】名家论坛：Exploring Earth’s Interior with Seismology: from Crust to Core,https://www.cug.edu.cn/info/11050/102401.htm,,,
2023-05-17,【5月23日】名家论坛：两周贵族之杂佩—聚焦礼仪与审美 刘云辉学术报告,https://www.cug.edu.cn/info/11050/102342.htm,,,
2023-05-17,【8月25-27日】第四届巴东国际地质灾害学术论坛 (BIGS2023)二号通知,https://www.cug.edu.cn/info/11050/102341.htm,https://ehall.cug.edu.cn/tp_fp/uploadfiles/serviceUpload/26b1a946-e24c-452d-aabf-39ffd28f8971/2023/4/28/920dd20a64e2420d9e27dc2606d2.pdf,,
2023-05-17,【5月25日】名家论坛：玉行天下---恢弘璀璨的汉代玉器 李银德学术报告,https://www.cug.edu.cn/info/11050/102343.htm,,,
2023-05-16,【5月19日】地空论坛：分布式光纤传感（DAS）及其在浅地表地质灾害调查中的应用,https://www.cug.edu.cn/info/11050/102334.htm,,,
2023-05-15,【5月11日】丝路博士论坛（2023-4）：Research Process and Organizing Research Write-ups:  The Key t...,https://www.cug.edu.cn/info/11050/102304.htm,,,
2023-05-12,【5月19日】“南望今声”外语论坛系列讲座（五十一）：区域国别学与外语学科的双向互构,https://www.cug.edu.cn/info/11050/102261.htm,,,
2023-05-06,【5月8日】地空论坛：精细InSAR地壳形变观测与大凉山地区现今运动特征研究,https://www.cug.edu.cn/info/11050/102191.htm,,,
2023-05-06,【5月8日】地空论坛：巴颜喀拉块体周缘断裂带地震周期的变形过程和机制,https://www.cug.edu.cn/info/11050/102190.htm,,,
2023-05-06,【5月9日】地空论坛：快地震和慢地震破裂动力学,https://www.cug.edu.cn/info/11050/102184.htm,,,
2023-05-06,【5月9日】地空论坛：月球浅部散射性质研究,https://www.cug.edu.cn/info/11050/102185.htm,,,
2023-05-06,【5月9日】地空论坛：海底火山岩浆的动态运移过程和喷发预报,https://www.cug.edu.cn/info/11050/102183.htm,,,
2023-05-05,【6月16-18日】第三届长江保护与发展高端论坛通知（一号通知）,https://www.cug.edu.cn/info/11050/102172.htm,https://ehall.cug.edu.cn/tp_fp/uploadfiles/serviceUpload/26b1a946-e24c-452d-aabf-39ffd28f8971/2023/5/5/9bb700ed8cc544da9664348ec0f9.pdf,,
2023-04-28,【8月9-12日】第七届区域气候变化监测与检测学术研讨会（乌鲁木齐） 第一轮通知,https://www.cug.edu.cn/info/11050/102125.htm,,,
2023-04-27,【4月27日】丝路博士论坛( 2023 -3 )：How to Find the Road of Your Research and Accomplish it with ...,https://www.cug.edu.cn/info/11050/102103.htm,,,
2023-04-24,【4月27日】全球胜任力论坛：走向世界的新青年,https://www.cug.edu.cn/info/11050/102084.htm,,,
2023-04-24,【5月4日】“南望今声”外语系列讲座（五十期）：符号景观：多学科耦合界面——从空间界面说起,https://www.cug.edu.cn/info/11050/102083.htm,,,
2023-04-23,【4月25日】绿色地球论坛：南京师范大学生命科学学院钟伯坚教授学术报告,https://www.cug.edu.cn/info/11050/102062.htm,,,
2023-04-21,【4月27日】艺媒学术论坛：湖南师范大学陈果教授学术报告,https://www.cug.edu.cn/info/11050/102024.htm,,,
2023-04-21,【4月28日】艺媒学术论坛：湖南科技大学彭斯特教授学术报告,https://www.cug.edu.cn/info/11050/102023.htm,,,
2023-04-18,【4月25日】“南望今声”外语系列讲座（四十九期）：科研项目设计与申报,https://www.cug.edu.cn/info/11050/102003.htm,,,
2023-04-18,【4月20日】全球胜任力论坛：怀家国天下  逐多彩人生,https://www.cug.edu.cn/info/11050/102002.htm,,,
2023-04-17,【4月25日】艺媒学术论坛：华中师范大学朱宇翔教授学术报告,https://www.cug.edu.cn/info/11050/101981.htm,,,
2023-04-14,【4月18日】艺媒学术论坛：中国艺术研究院练春海教授学术报告,https://www.cug.edu.cn/info/11050/101975.htm,,,
2023-04-11,【2023年6月9日-11日】关于召开 2023 年全国岩溶地质学术年会、 第五届岩溶青年学术论坛 暨首届岩溶青年...,https://www.cug.edu.cn/info/11050/101943.htm,https://ehall.cug.edu.cn/tp_fp/uploadfiles/serviceUpload/26b1a946-e24c-452d-aabf-39ffd28f8971/2023/4/11/a6cc799cdd424c1792c142949b5f.pdf,,
2023-04-11,【11月17-21日】第十二届全国环境化学大会（第一轮通知）,https://www.cug.edu.cn/info/11050/101942.htm,,,
2023-04-11,【4月13日】全球胜任力论坛：Critical thinking and academic skills,https://www.cug.edu.cn/info/11050/101932.htm,,,
2023-04-06,【4月6日】全球胜任力论坛：未来空战和国家安全战略——国家安全与青年担当,https://www.cug.edu.cn/info/11050/101861.htm,,,
2023-04-04,【4月10日】“南望今声”外语系列讲座（四十八期）：跨文化语用能力培养与大学外语教学,https://www.cug.edu.cn/info/11050/101827.htm,,,
2023-03-27,【3月28日】新闻舆论工作的时度效——兼谈第31、32届中国新闻奖作品,https://www.cug.edu.cn/info/11050/101741.htm,,,
2023-03-24,【3月31日】“南望今声”外语系列讲座（四十七期）：雷蒙•威廉斯：文化研究与“希望的资源”,https://www.cug.edu.cn/info/11050/101723.htm,,,
2023-03-22,【3月24日】丝路博士论坛( 2023 -2 )：Identifying Research Gap and Research Question Development : ...,https://www.cug.edu.cn/info/11050/101702.htm,,,
2023-03-22,【9月16-20日】大气环境遥感学会2023年年会通知,https://www.cug.edu.cn/info/11050/101691.htm,https://ehall.cug.edu.cn/tp_fp/uploadfiles/serviceUpload/26b1a946-e24c-452d-aabf-39ffd28f8971/2023/2/16/b5397626422043cda68b1430960b.pdf,,
2023-03-16,【3月20日】全球胜任力论坛：国际组织与国际职员培养,https://www.cug.edu.cn/info/11050/101650.htm,,,
2023-03-16,【3月17日】名家论坛：2022年汤加火山爆发引起的全球大气次声波、重力波和Lamb波,https://www.cug.edu.cn/info/11050/101644.htm,,,
2023-03-09,【3月9日】丝路讲坛：中华武术文化,https://www.cug.edu.cn/info/11050/101573.htm,,,
2023-03-08,【3月11日】名家论坛：塑料的环境归趋：从陆地到深海,https://www.cug.edu.cn/info/11050/101558.htm,,,
2023-03-02,【3月4日】全球胜任力论坛：全球治理与可持续发展中青年的使命、赋能与行动,https://www.cug.edu.cn/info/11050/101501.htm,,,
2023-02-17,【5月05-07日】第三届中国同位素水文学论坛会议通知（第四号）,https://www.cug.edu.cn/info/11050/101438.htm,https://ehall.cug.edu.cn/tp_fp/uploadfiles/serviceUpload/26b1a946-e24c-452d-aabf-39ffd28f8971/2023/2/17/7ee373d0ae094263bb338fea5708.pdf,,
2023-02-16,【2月18日】名家论坛：科学计算的历史与展望,https://www.cug.edu.cn/info/11050/101437.htm,,,
